{"cameraMode":{"drawMode":0,"name":"Shaded","section":"Shading Mode"},"sceneLighting":false,"audioPlay":false,"sceneViewState":{"m_AlwaysRefresh":false,"showFog":true,"showSkybox":true,"showFlares":true,"showImageEffects":true,"showParticleSystems":true,"showVisualEffectGraphs":true,"m_FxEnabled":false},"in2DMode":false,"pivot":{"x":17.71884536743164,"y":82.73197174072266,"z":-122.86417388916016},"rotation":{"x":0.2865109145641327,"y":0.06622475385665894,"z":-0.020142586901783944,"w":0.9556278586387634},"size":3.1360533237457277,"orthographic":false}