{"cameraMode":{"drawMode":0,"name":"Shaded","section":"Shading Mode"},"sceneLighting":false,"audioPlay":false,"sceneViewState":{"m_AlwaysRefresh":false,"showFog":true,"showSkybox":true,"showFlares":true,"showImageEffects":true,"showParticleSystems":true,"showVisualEffectGraphs":true,"m_FxEnabled":false},"in2DMode":false,"pivot":{"x":19.941509246826173,"y":82.84140014648438,"z":-123.1116943359375},"rotation":{"x":0.27669867873191836,"y":0.053486160933971408,"z":-0.015711579471826555,"w":0.9593923687934876},"size":3.1360533237457277,"orthographic":false}