{"cameraMode":{"drawMode":0,"name":"Shaded","section":"Shading Mode"},"sceneLighting":false,"audioPlay":false,"sceneViewState":{"m_AlwaysRefresh":false,"showFog":true,"showSkybox":false,"showFlares":true,"showImageEffects":true,"showParticleSystems":true,"showVisualEffectGraphs":true,"m_FxEnabled":false},"in2DMode":false,"pivot":{"x":8.622756004333496,"y":0.33559155464172366,"z":-14.355005264282227},"rotation":{"x":0.02644147165119648,"y":-0.8803350925445557,"z":0.04911314323544502,"w":0.4711173474788666},"size":0.7903277277946472,"orthographic":false}